Agent	AgentFull
agent.0	agent.0_0
agent.0	agent.0_1
agent.0	agent.0_2
agent.0	agent.0_3
agent.0	agent.0_4
agent.1	agent.1_0
agent.1	agent.1_1
agent.1	agent.1_2
agent.1	agent.1_3
agent.1	agent.1_4
agent.2	agent.2_0
agent.2	agent.2_1
agent.2	agent.2_2
agent.2	agent.2_3
agent.2	agent.2_4
agent.3	agent.3_0
agent.3	agent.3_1
agent.3	agent.3_2
agent.3	agent.3_3
agent.3	agent.3_4
agent.4	agent.4_0
agent.4	agent.4_1
agent.4	agent.4_2
agent.4	agent.4_3
agent.4	agent.4_4
agent.5	agent.5_0
agent.5	agent.5_1
agent.5	agent.5_2
agent.5	agent.5_3
agent.5	agent.5_4
agent.6	agent.6_0
agent.6	agent.6_1
agent.6	agent.6_2
agent.6	agent.6_3
agent.6	agent.6_4
agent.7	agent.7_0
agent.7	agent.7_1
agent.7	agent.7_2
agent.7	agent.7_3
agent.7	agent.7_4
agent.8	agent.8_0
agent.8	agent.8_1
agent.8	agent.8_2
agent.8	agent.8_3
agent.8	agent.8_4
agent.9	agent.9_0
agent.9	agent.9_1
agent.9	agent.9_2
agent.9	agent.9_3
agent.9	agent.9_4
agent.10	agent.10_0
agent.10	agent.10_1
agent.10	agent.10_2
agent.10	agent.10_3
agent.10	agent.10_4
agent.11	agent.11_0
agent.11	agent.11_1
agent.11	agent.11_2
agent.11	agent.11_3
agent.11	agent.11_4
agent.12	agent.12_0
agent.12	agent.12_1
agent.12	agent.12_2
agent.12	agent.12_3
agent.12	agent.12_4
agent.13	agent.13_0
agent.13	agent.13_1
agent.13	agent.13_2
agent.13	agent.13_3
agent.13	agent.13_4
agent.14	agent.14_0
agent.14	agent.14_1
agent.14	agent.14_2
agent.14	agent.14_3
agent.14	agent.14_4
agent.15	agent.15_0
agent.15	agent.15_1
agent.15	agent.15_2
agent.15	agent.15_3
agent.15	agent.15_4
agent.16	agent.16_0
agent.16	agent.16_1
agent.16	agent.16_2
agent.16	agent.16_3
agent.16	agent.16_4
agent.17	agent.17_0
agent.17	agent.17_1
agent.17	agent.17_2
agent.17	agent.17_3
agent.17	agent.17_4
agent.18	agent.18_0
agent.18	agent.18_1
agent.18	agent.18_2
agent.18	agent.18_3
agent.18	agent.18_4
agent.19	agent.19_0
agent.19	agent.19_1
agent.19	agent.19_2
agent.19	agent.19_3
agent.19	agent.19_4
